{
  "openapi" : "3.0.1",
  "info" : {
    "title" : "mmmshirt_http_api",
    "version" : "2023-06-28 06:28:56UTC"
  },
  "servers" : [ {
    "url" : "https://i3hncg6n27.execute-api.us-east-1.amazonaws.com/{basePath}",
    "variables" : {
      "basePath" : {
        "default" : ""
      }
    }
  } ],
  "paths" : {
    "/cart" : {
      "get" : {
        "responses" : {
          "default" : {
            "description" : "Default response for GET /cart"
          }
        },
        "x-amazon-apigateway-integration" : {
          "payloadFormatVersion" : "2.0",
          "type" : "aws_proxy",
          "httpMethod" : "POST",
          "uri" : "arn:aws:apigateway:us-east-1:lambda:path/2015-03-31/functions/arn:aws:lambda:us-east-1:492132257440:function:Cart_CRUD/invocations",
          "connectionType" : "INTERNET"
        }
      },
      "post" : {
        "responses" : {
          "default" : {
            "description" : "Default response for POST /cart"
          }
        },
        "x-amazon-apigateway-integration" : {
          "payloadFormatVersion" : "2.0",
          "type" : "aws_proxy",
          "httpMethod" : "POST",
          "uri" : "arn:aws:apigateway:us-east-1:lambda:path/2015-03-31/functions/arn:aws:lambda:us-east-1:492132257440:function:Cart_CRUD/invocations",
          "connectionType" : "INTERNET"
        }
      },
      "delete" : {
        "responses" : {
          "default" : {
            "description" : "Default response for DELETE /cart"
          }
        },
        "x-amazon-apigateway-integration" : {
          "payloadFormatVersion" : "2.0",
          "type" : "aws_proxy",
          "httpMethod" : "POST",
          "uri" : "arn:aws:apigateway:us-east-1:lambda:path/2015-03-31/functions/arn:aws:lambda:us-east-1:492132257440:function:Cart_CRUD/invocations",
          "connectionType" : "INTERNET"
        }
      }
    },
    "/cart/{id}" : {
      "put" : {
        "responses" : {
          "default" : {
            "description" : "Default response for PUT /cart/{id}"
          }
        },
        "x-amazon-apigateway-integration" : {
          "payloadFormatVersion" : "2.0",
          "type" : "aws_proxy",
          "httpMethod" : "POST",
          "uri" : "arn:aws:apigateway:us-east-1:lambda:path/2015-03-31/functions/arn:aws:lambda:us-east-1:492132257440:function:Cart_CRUD/invocations",
          "connectionType" : "INTERNET"
        }
      },
      "delete" : {
        "responses" : {
          "default" : {
            "description" : "Default response for DELETE /cart/{id}"
          }
        },
        "x-amazon-apigateway-integration" : {
          "payloadFormatVersion" : "2.0",
          "type" : "aws_proxy",
          "httpMethod" : "POST",
          "uri" : "arn:aws:apigateway:us-east-1:lambda:path/2015-03-31/functions/arn:aws:lambda:us-east-1:492132257440:function:Cart_CRUD/invocations",
          "connectionType" : "INTERNET"
        }
      },
      "parameters" : [ {
        "name" : "id",
        "in" : "path",
        "description" : "Generated path parameter for id",
        "required" : true,
        "schema" : {
          "type" : "string"
        }
      } ]
    },
    "/ctc/{id}" : {
      "delete" : {
        "responses" : {
          "default" : {
            "description" : "Default response for DELETE /ctc/{id}"
          }
        },
        "x-amazon-apigateway-integration" : {
          "payloadFormatVersion" : "2.0",
          "type" : "aws_proxy",
          "httpMethod" : "POST",
          "uri" : "arn:aws:apigateway:us-east-1:lambda:path/2015-03-31/functions/arn:aws:lambda:us-east-1:492132257440:function:CTC_CRUD/invocations",
          "connectionType" : "INTERNET"
        }
      },
      "parameters" : [ {
        "name" : "id",
        "in" : "path",
        "description" : "Generated path parameter for id",
        "required" : true,
        "schema" : {
          "type" : "string"
        }
      } ]
    },
    "/fav/{id}" : {
      "delete" : {
        "responses" : {
          "default" : {
            "description" : "Default response for DELETE /fav/{id}"
          }
        },
        "x-amazon-apigateway-integration" : {
          "payloadFormatVersion" : "2.0",
          "type" : "aws_proxy",
          "httpMethod" : "POST",
          "uri" : "arn:aws:apigateway:us-east-1:lambda:path/2015-03-31/functions/arn:aws:lambda:us-east-1:492132257440:function:Fav_CRD/invocations",
          "connectionType" : "INTERNET"
        }
      },
      "parameters" : [ {
        "name" : "id",
        "in" : "path",
        "description" : "Generated path parameter for id",
        "required" : true,
        "schema" : {
          "type" : "string"
        }
      } ]
    },
    "/item/{id}" : {
      "get" : {
        "responses" : {
          "default" : {
            "description" : "Default response for GET /item/{id}"
          }
        },
        "x-amazon-apigateway-integration" : {
          "payloadFormatVersion" : "2.0",
          "type" : "aws_proxy",
          "httpMethod" : "POST",
          "uri" : "arn:aws:apigateway:us-east-1:lambda:path/2015-03-31/functions/arn:aws:lambda:us-east-1:492132257440:function:item_regionpricing_crud/invocations",
          "connectionType" : "INTERNET"
        }
      },
      "put" : {
        "responses" : {
          "default" : {
            "description" : "Default response for PUT /item/{id}"
          }
        },
        "x-amazon-apigateway-integration" : {
          "payloadFormatVersion" : "2.0",
          "type" : "aws_proxy",
          "httpMethod" : "POST",
          "uri" : "arn:aws:apigateway:us-east-1:lambda:path/2015-03-31/functions/arn:aws:lambda:us-east-1:492132257440:function:item_regionpricing_crud/invocations",
          "connectionType" : "INTERNET"
        }
      },
      "delete" : {
        "responses" : {
          "default" : {
            "description" : "Default response for DELETE /item/{id}"
          }
        },
        "x-amazon-apigateway-integration" : {
          "payloadFormatVersion" : "2.0",
          "type" : "aws_proxy",
          "httpMethod" : "POST",
          "uri" : "arn:aws:apigateway:us-east-1:lambda:path/2015-03-31/functions/arn:aws:lambda:us-east-1:492132257440:function:item_regionpricing_crud/invocations",
          "connectionType" : "INTERNET"
        }
      },
      "parameters" : [ {
        "name" : "id",
        "in" : "path",
        "description" : "Generated path parameter for id",
        "required" : true,
        "schema" : {
          "type" : "string"
        }
      } ]
    },
    "/ctc" : {
      "get" : {
        "responses" : {
          "default" : {
            "description" : "Default response for GET /ctc"
          }
        },
        "x-amazon-apigateway-integration" : {
          "payloadFormatVersion" : "2.0",
          "type" : "aws_proxy",
          "httpMethod" : "POST",
          "uri" : "arn:aws:apigateway:us-east-1:lambda:path/2015-03-31/functions/arn:aws:lambda:us-east-1:492132257440:function:CTC_CRUD/invocations",
          "connectionType" : "INTERNET"
        }
      },
      "post" : {
        "responses" : {
          "default" : {
            "description" : "Default response for POST /ctc"
          }
        },
        "x-amazon-apigateway-integration" : {
          "payloadFormatVersion" : "2.0",
          "type" : "aws_proxy",
          "httpMethod" : "POST",
          "uri" : "arn:aws:apigateway:us-east-1:lambda:path/2015-03-31/functions/arn:aws:lambda:us-east-1:492132257440:function:CTC_CRUD/invocations",
          "connectionType" : "INTERNET"
        }
      }
    },
    "/fav" : {
      "get" : {
        "responses" : {
          "default" : {
            "description" : "Default response for GET /fav"
          }
        },
        "x-amazon-apigateway-integration" : {
          "payloadFormatVersion" : "2.0",
          "type" : "aws_proxy",
          "httpMethod" : "POST",
          "uri" : "arn:aws:apigateway:us-east-1:lambda:path/2015-03-31/functions/arn:aws:lambda:us-east-1:492132257440:function:Fav_CRD/invocations",
          "connectionType" : "INTERNET"
        }
      },
      "post" : {
        "responses" : {
          "default" : {
            "description" : "Default response for POST /fav"
          }
        },
        "x-amazon-apigateway-integration" : {
          "payloadFormatVersion" : "2.0",
          "type" : "aws_proxy",
          "httpMethod" : "POST",
          "uri" : "arn:aws:apigateway:us-east-1:lambda:path/2015-03-31/functions/arn:aws:lambda:us-east-1:492132257440:function:Fav_CRD/invocations",
          "connectionType" : "INTERNET"
        }
      }
    },
    "/item" : {
      "get" : {
        "responses" : {
          "default" : {
            "description" : "Default response for GET /item"
          }
        },
        "x-amazon-apigateway-integration" : {
          "payloadFormatVersion" : "2.0",
          "type" : "aws_proxy",
          "httpMethod" : "POST",
          "uri" : "arn:aws:apigateway:us-east-1:lambda:path/2015-03-31/functions/arn:aws:lambda:us-east-1:492132257440:function:item_regionpricing_crud/invocations",
          "connectionType" : "INTERNET"
        }
      },
      "post" : {
        "responses" : {
          "default" : {
            "description" : "Default response for POST /item"
          }
        },
        "x-amazon-apigateway-integration" : {
          "payloadFormatVersion" : "2.0",
          "type" : "aws_proxy",
          "httpMethod" : "POST",
          "uri" : "arn:aws:apigateway:us-east-1:lambda:path/2015-03-31/functions/arn:aws:lambda:us-east-1:492132257440:function:item_regionpricing_crud/invocations",
          "connectionType" : "INTERNET"
        }
      }
    },
    "/pay" : {
      "get" : {
        "responses" : {
          "default" : {
            "description" : "Default response for GET /pay"
          }
        },
        "x-amazon-apigateway-integration" : {
          "payloadFormatVersion" : "2.0",
          "type" : "aws_proxy",
          "httpMethod" : "POST",
          "uri" : "arn:aws:apigateway:us-east-1:lambda:path/2015-03-31/functions/arn:aws:lambda:us-east-1:492132257440:function:PAY_CRUD/invocations",
          "connectionType" : "INTERNET"
        }
      }
    },
    "/regionpricing" : {
      "get" : {
        "responses" : {
          "default" : {
            "description" : "Default response for GET /regionpricing"
          }
        },
        "x-amazon-apigateway-integration" : {
          "payloadFormatVersion" : "2.0",
          "type" : "aws_proxy",
          "httpMethod" : "POST",
          "uri" : "arn:aws:apigateway:us-east-1:lambda:path/2015-03-31/functions/arn:aws:lambda:us-east-1:492132257440:function:item_regionpricing_crud/invocations",
          "connectionType" : "INTERNET"
        }
      },
      "post" : {
        "responses" : {
          "default" : {
            "description" : "Default response for POST /regionpricing"
          }
        },
        "x-amazon-apigateway-integration" : {
          "payloadFormatVersion" : "2.0",
          "type" : "aws_proxy",
          "httpMethod" : "POST",
          "uri" : "arn:aws:apigateway:us-east-1:lambda:path/2015-03-31/functions/arn:aws:lambda:us-east-1:492132257440:function:item_regionpricing_crud/invocations",
          "connectionType" : "INTERNET"
        }
      }
    },
    "/email" : {
      "post" : {
        "responses" : {
          "default" : {
            "description" : "Default response for POST /email"
          }
        },
        "x-amazon-apigateway-integration" : {
          "payloadFormatVersion" : "2.0",
          "type" : "aws_proxy",
          "httpMethod" : "POST",
          "uri" : "arn:aws:apigateway:us-east-1:lambda:path/2015-03-31/functions/arn:aws:lambda:us-east-1:492132257440:function:PAY_CRUD/invocations",
          "connectionType" : "INTERNET"
        }
      }
    },
    "/filter" : {
      "post" : {
        "responses" : {
          "default" : {
            "description" : "Default response for POST /filter"
          }
        },
        "x-amazon-apigateway-integration" : {
          "payloadFormatVersion" : "2.0",
          "type" : "aws_proxy",
          "httpMethod" : "POST",
          "uri" : "arn:aws:apigateway:us-east-1:lambda:path/2015-03-31/functions/arn:aws:lambda:us-east-1:492132257440:function:item_regionpricing_crud/invocations",
          "connectionType" : "INTERNET"
        }
      }
    },
    "/regionpricing/{id}" : {
      "put" : {
        "responses" : {
          "default" : {
            "description" : "Default response for PUT /regionpricing/{id}"
          }
        },
        "x-amazon-apigateway-integration" : {
          "payloadFormatVersion" : "2.0",
          "type" : "aws_proxy",
          "httpMethod" : "POST",
          "uri" : "arn:aws:apigateway:us-east-1:lambda:path/2015-03-31/functions/arn:aws:lambda:us-east-1:492132257440:function:item_regionpricing_crud/invocations",
          "connectionType" : "INTERNET"
        }
      },
      "parameters" : [ {
        "name" : "id",
        "in" : "path",
        "description" : "Generated path parameter for id",
        "required" : true,
        "schema" : {
          "type" : "string"
        }
      } ]
    }
  },
  "x-amazon-apigateway-cors" : {
    "allowMethods" : [ "DELETE", "GET", "POST", "PUT" ],
    "maxAge" : 0,
    "allowCredentials" : false,
    "allowOrigins" : [ "http://*", "https://*" ]
  },
  "x-amazon-apigateway-importexport-version" : "1.0"
}